v2ProductName,canonical_category,row_count,normalized_category,brand
1 oz Hand Sanitizer,Home/Accessories/Fun/,1185,Accessories,Other
15 oz Ceramic Mug,Home/Drinkware/Mugs and Cups/,47,Drinkware,Other
16 oz. Hot and Cold Tumbler,Home/Drinkware/,285,Drinkware,Other
16 oz. Hot/Cold Tumbler,Home/Accessories/Drinkware/,171,Drinkware,Other
20 oz Stainless Steel Insulated Tumbler,Home/Drinkware/,2960,Drinkware,Other
22 oz Android Bottle,Bottles,1079,Drinkware,Android
22 oz Mini Mountain Bottle,Home/Accessories/Drinkware/,635,Drinkware,Other
22 oz YouTube Bottle Infuser,Home/Shop by Brand/YouTube/,4348,Drinkware,YouTube
23 oz Wide Mouth Sport Bottle,Home/Drinkware/,974,Drinkware,Other
24 oz USA Made Aluminum Bottle,Home/Drinkware/,711,Drinkware,Other
24 oz YouTube Sergeant Stripe Bottle,Home/Shop by Brand/YouTube/,3088,Drinkware,YouTube
25 oz. Infusion Water Bottle,Home/Accessories/Drinkware/,113,Drinkware,Other
25L Classic Rucksack,Home/Bags/Backpacks/,6055,Bags,Other
26 oz Double Wall Insulated Bottle,Home/Drinkware/,5214,Drinkware,Other
4-in-1 Carabiner Charger,Home/Lifestyle/,1064,Lifestyle,Other
"7"" Dog Frisbee",Home/Accessories/Pet/,1079,Accessories,Other
7&quot; Dog Frisbee,Lifestyle,878,Lifestyle,Other
8 pc Android Sticker Sheet,Home/Accessories/Stickers/,1905,Accessories,Android
8pc Android Sticker Sheet,Home/Accessories/Stickers/,26,Accessories,Android
ATOM Wireless Earbud Headset,Home/Electronics/,598,Electronics,Other
Aluminum Emergency Flashlight,Home/Electronics/Flashlights/,3,Electronics,Other
Aluminum Handy Emergency Flashlight,Home/Electronics/Flashlights/,1272,Electronics,Other
Android 14 oz Mug White/Green,Home/Drinkware/Mugs and Cups/,29,Drinkware,Android
Android 17oz Stainless Steel Sport Bottle,Home/Drinkware/,915,Drinkware,Android
Android 22 oz Water Bottle Green,Home/Drinkware/Water Bottles and Tumblers/,12,Drinkware,Android
Android 24 oz Button Lid Sport Water Bottle Green,(not set),1,Drinkware,Android
Android 24 oz Button Lid Sport Water Bottle Smoke,(not set),1,Drinkware,Android
Android 24 oz Contigo Addison,(not set),49,Drinkware,Android
Android 24 oz Contigo Bottle,Home/Drinkware/,751,Drinkware,Android
Android 25 oz Green Apple Stainless Steel Bottle,Drinkware,69,Drinkware,Android
Android 5-Panel Low Cap,Home/Apparel/Headgear/,71,Apparel,Android
Android BTTF Cosmos Graphic Tee,Apparel,1382,Apparel,Android
Android BTTF Cosmos Shirt,Home/Apparel/Men's/Men's-T-Shirts/,284,Apparel,Android
Android BTTF Moonshot Graphic Tee,Apparel,814,Apparel,Android
Android BTTF Moonshot Shirt,Home/Apparel/Men's/Men's-T-Shirts/,292,Apparel,Android
Android Baby Essentials Baby Set,Home/Apparel/Kid's/Kid's-Infant/,228,Apparel,Android
Android Baby Esssentials Set,(not set),157,Apparel,Android
Android Cool Gear Lunch To Go,Home/Lifestyle/,7,Lifestyle,Android
Android Glass Water Bottle with Black Sleeve,Home/Drinkware/,1000,Drinkware,Android
Android Hard Cover Journal,Home/Office/Notebooks & Journals/,506,Office,Android
Android Heavyweight Long Sleeve Badge Tee Black,Apparel,180,Apparel,Android
Android Infant Short Sleeve Tee Aqua,Home/Apparel/,215,Apparel,Android
Android Infant Short Sleeve Tee Pewter,Home/Apparel/Kid's/Kid's-Infant/,274,Apparel,Android
Android Infant Short Sleeve Tee Pink,Home/Apparel/Kid's/Kid's-Infant/,175,Apparel,Android
Android Journal Book Set,Home/Office/Notebooks & Journals/,1606,Office,Android
Android Lifted Men's Short Sleeve Tee Blue,Apparel,339,Apparel,Android
Android Luggage Tag,Home/Accessories/Fun/,156,Accessories,Android
Android Lunch Kit,Home/Accessories/Housewares/,1025,Accessories,Android
Android Men's  Zip Hoodie,Home/Apparel/Men's/Men's-Outerwear/,2256,Apparel,Android
Android Men's 3/4 Sleeve Raglan Henley Black,Apparel,557,Apparel,Android
Android Men's Engineer Short Sleeve Tee Charcoal,Home/Apparel/Men's/Men's-T-Shirts/,1426,Apparel,Android
Android Men's Heavyweight Long Sleeve Badge Tee Black,Apparel,5,Apparel,Android
Android Men's Long & Lean Badge Tee Charcoal,Apparel,306,Apparel,Android
Android Men's Long Sleeve Badge Crew Tee Heather,Apparel,443,Apparel,Android
Android Men's Outerstellar Short Sleeve Tee Black,Apparel,439,Apparel,Android
Android Men's Paradise Short Sleeve Tee Olive,Android,347,Apparel,Android
Android Men's Pep Rally Short Sleeve Tee Navy,Apparel,511,Apparel,Android
Android Men's Short Sleeve Hero Tee Heather,Apparel,542,Apparel,Android
Android Men's Short Sleeve Hero Tee White,Home/Apparel/Men's/Men's-T-Shirts/,360,Apparel,Android
Android Men's Short Sleeve Tri-blend Hero Tee Grey,Apparel,462,Apparel,Android
Android Men's Skater Badge Tee Charcoal,Apparel,196,Apparel,Android
Android Men's Take Charge Short Sleeve Tee Purple,Apparel,471,Apparel,Android
Android Men's Vintage Henley,Apparel,916,Apparel,Android
Android Men's Vintage Tank,Apparel,365,Apparel,Android
Android Men's Vintage Tee,Home/Apparel/Men's/Men's-T-Shirts/,306,Apparel,Android
Android Men's Zip Hoodie,Home/Apparel/Men's/,22,Apparel,Android
Android Onesie Baby Blue,Home/Apparel/Kid's/Kid's-Infant/,312,Apparel,Android
Android Onesie Gold,Home/Apparel/Kid's/Kid's-Infant/,824,Apparel,Android
Android Onesie Sprout Green,Apparel,150,Apparel,Android
Android RFID Journal,Home/Office/Notebooks & Journals/,656,Office,Android
Android Rise 14 oz Mug,Home/Drinkware/Mugs and Cups/,3367,Drinkware,Android
Android Spiral Journal with Pen,Home/Office/,394,Office,Android
Android Sticker Sheet Ultra Removable,Home/Accessories/Stickers/,2889,Accessories,Android
Android Stretch Fit Hat,Home/Apparel/Headgear/,778,Apparel,Android
Android Stretch Fit Hat Black,Home/Apparel/Headgear/,283,Apparel,Android
Android Stretch Fit Hat L/XL,Headgear,122,Apparel,Android
Android Stretch Fit Hat M/L,Headgear,229,Apparel,Android
Android Stretch Fit Hat S/M,Headgear,123,Apparel,Android
Android Toddler Short Sleeve T-shirt Aqua,Home/Apparel/Kid's/Kid's-Toddler/,502,Apparel,Android
Android Toddler Short Sleeve T-shirt Pewter,Home/Apparel/Kid's/Kid's-Toddler/,573,Apparel,Android
Android Toddler Short Sleeve T-shirt Pink,Home/Apparel/Kid's/Kid's-Toddler/,722,Apparel,Android
Android Twill Cap,Home/Apparel/Headgear/,789,Apparel,Android
Android Women's Fleece Hoodie,Home/Apparel/Women's/Women's-Outerwear/,481,Apparel,Android
Android Women's Long Sleeve Blended Cardigan Grey,Home/Apparel/Women's/Women's-Outerwear/,809,Apparel,Android
Android Women's Racer Back Tank Black,Home/Apparel/Women's/Women's-T-Shirts/,78,Apparel,Android
Android Women's Short Sleeve Badge Tee Dark Heather,Home/Apparel/Women's/Women's-T-Shirts/,214,Apparel,Android
Android Women's Short Sleeve Badge Tee Light Charcoal,Apparel,17,Apparel,Android
Android Women's Short Sleeve Hero Tee Black,Home/Apparel/Women's/Women's-T-Shirts/,241,Apparel,Android
Android Women's Short Sleeve Tri-blend Badge Tee Light Blue,(not set),72,Apparel,Android
Android Women's Short Sleeve Tri-blend Badge Tee Light Grey,Home/Apparel/Women's/Women's-T-Shirts/,82,Apparel,Android
Android Wool Heather Cap Heather/Black,Home/Apparel/Headgear/,841,Apparel,Android
Android Youth Short Sleeve T-shirt Aqua,Home/Apparel/Kid's/Kids-Youth/,697,Apparel,Android
Android Youth Short Sleeve T-shirt Pewter,Home/Apparel/Kid's/Kids-Youth/,740,Apparel,Android
Aria Bluetooth Speaker,Home/Electronics/,563,Electronics,Other
BLM Sweatshirt,Apparel,2735,Apparel,Other
BLM Sweatshirt (Pre-Order),Home/Apparel/Men's/Men's-Outerwear/,72,Apparel,Other
Badge Holder,Home/Office/Office Other/,2393,Office,Other
Ballpoint LED Light Pen,Home/Office/Writing Instruments/,1162,Office,Other
Ballpoint Pen & Matching Tube Case,Office,424,Office,Other
Ballpoint Pen Blue,Office,941,Office,Other
Ballpoint Stick Pen 4 Pack,Office,1280,Office,Other
Ballpoint Stylus Pen,Home/Office/,352,Office,Other
Basecamp Explorer Powerbank Flashlight,Home/Electronics/Flashlights/,1364,Electronics,Other
Bic Digital Clic Stic Stylus Pen,Home/Office/,151,Office,Other
Bic Intensity Clic Gel Pen,Home/Office/,134,Office,Other
Bic Leather Pen,Home/Office/,31,Office,Other
Bic Tri-Tone Twist Pen,Home/Office/,29,Office,Other
Blue Keeper Notebook Set with Flap,Home/Office/,163,Office,Other
Blue Metallic Textured Spiral Notebook Set,Home/Office/,413,Office,Other
Bottle Opener Clip,Home/Drinkware/,910,Drinkware,Other
Carabiner Flashlight,Home/Electronics/Flashlights/,5,Electronics,Other
Chevron Shopper,Home/Limited Supply/Bags/,278,Bags,Other
Clip-on Compact Charger,Home/Electronics/,1322,Electronics,Other
Collapsible Pet Bowl,Home/Lifestyle/,101,Lifestyle,Other
Collapsible Shopping Bag,Home/Bags/Shopping and Totes/,2009,Bags,Other
Color Changing Grip Pen,Office,982,Office,Other
Colored Pencil Set,Home/Office/,1403,Office,Other
Colored Pencil Set with Sharpener,Home/Office/Writing Instruments/,6,Office,Other
Compact Bluetooth Speaker,Home/Electronics/Audio/,1051,Electronics,Other
Compact Eco Journal,Home/Office/,175,Office,Other
Compact Journal with Recycled Pages,Home/Office/,452,Office,Other
Compact Selfie Stick,Home/Electronics/Electronics Accessories/,846,Electronics,Other
Crunch Noise Dog Toy,Home/Accessories/Pet/,1124,Accessories,Other
Crunch-It Dog Toy,Home/Lifestyle/,341,Lifestyle,Other
Deluge Waterproof Backpack,Home/Limited Supply/Bags/,897,Bags,Other
Digital Lightshow Smart Speaker and Notification Center,Home/Electronics/,1209,Electronics,Other
Eco-Aware Large Recycled Journal Combo,(not set),47,Office,Other
Eco-Aware Recycled Journal Combo,(not set),113,Office,Other
Electronics Accessory Pouch,Home/Bags/,1818,Bags,Other
Engraved Ceramic Google Mug,Home/Drinkware/Mugs and Cups/,5417,Drinkware,Google
Executive Twist Ballpoint Pen,Office,280,Office,Other
Fashion Sunglasses & Pouch,Home/Accessories/Fun/,2347,Accessories,Other
Foam Can and Bottle Cooler,Drinkware,1765,Drinkware,Other
Four Color Retractable Pen,Office,1220,Office,Other
Galaxy Screen Cleaning Cloth,Office,1069,Office,Other
Gel Roller Pen,Office,455,Office,Other
Gift Card - $25.00,Home/Gift Cards/,1347,Gift Cards,Other
Gift Card - $250.00,Home/Gift Cards/,711,Gift Cards,Other
Gift Card - $50.00,Home/Gift Cards/,660,Gift Cards,Other
Gift Card- $100.00,Home/Gift Cards/,914,Gift Cards,Other
Google  Women's Muscle Tee,(not set),255,Apparel,Google
Google 17 oz Double Wall Stainless Steel Insulated Bottle,Home/Drinkware/Water Bottles and Tumblers/,620,Drinkware,Google
Google 17oz Stainless Steel Sport Bottle,Home/Drinkware/Water Bottles and Tumblers/,2664,Drinkware,Google
Google 22 oz Water Bottle,Drinkware,4997,Drinkware,Google
Google 2200mAh Micro Charger,Home/Electronics/Power/,1178,Electronics,Google
Google 25 oz Blue Stainless Steel Bottle,Drinkware,330,Drinkware,Google
Google 25 oz Clear Stainless Steel Bottle,Google,307,Drinkware,Google
Google 25 oz Red Stainless Steel Bottle,Home/Drinkware/Water Bottles and Tumblers/,583,Drinkware,Google
Google 3/4 Sleeve Raglan Badge Henley Black,Apparel,615,Apparel,Google
Google 3/4 Sleeve Raglan Henley Grey,Home/Apparel/Men's/Men's-T-Shirts/,113,Apparel,Google
Google 40 oz Insulated Monster Bottle,Home/Drinkware/,646,Drinkware,Google
Google 4400mAh Power Bank,Home/Electronics/Power/,843,Electronics,Google
Google 5-Panel Cap,Home/Apparel/Headgear/,1203,Apparel,Google
Google 5-Panel Snapback Cap,Home/Apparel/Headgear/,657,Apparel,Google
Google 7-inch Dog Flying Disc Blue,(not set),1,Accessories,Google
Google 7-inch Dog Flying Disc Red,(not set),1,Accessories,Google
Google Accent Insulated Stainless Steel Bottle,Home/Drinkware/,1169,Drinkware,Google
Google Adult Tee Fruit Games Cherries,Home/Fruit Games/,165,Apparel,Google
Google Adult Tee Fruit Games Dragonfruit,Home/Fruit Games/,281,Apparel,Google
Google Adult Tee Fruit Games Pineapple,Home/Fruit Games/,376,Apparel,Google
Google Alpine Style Backpack,Home/Bags/Backpacks/,10940,Bags,Google
Google Baby Essentials Set,Home/Apparel/Kid's/Kid's-Infant/,1916,Apparel,Google
Google Badge Pull,Home/Office/Office Other/,29,Office,Google
Google Ballpoint Pen Black,Home/Office/Writing Instruments/,878,Office,Google
Google Bib Red,Home/Apparel/Kid's/Kid's-Infant/,474,Apparel,Google
Google Bib White,Home/Apparel/Kid's/Kid's-Infant/,756,Apparel,Google
Google Blackout Cap,Home/Apparel/Headgear/,1662,Apparel,Google
Google Bluetooth Headphones,Home/Electronics/Audio/,2401,Electronics,Google
Google Bluetooth Speaker-Power Bank,Home/Electronics/Audio/,1095,Electronics,Google
Google Bongo Cupholder Bluetooth Speaker,Home/Electronics/Audio/,1056,Electronics,Google
Google Canvas Tote Fruit Games Lemon,Home/Fruit Games/,501,Bags,Google
Google Canvas Tote Natural/Navy,Home/Bags/Shopping and Totes/,2645,Bags,Google
Google Car Clip Phone Holder,Home/Electronics/Electronics Accessories/,1180,Electronics,Google
Google Collapsible Duffel,Home/Bags/More Bags/,2017,Bags,Google
Google Collapsible Duffel Black,More Bags,431,Bags,Google
Google Collapsible Duffel Blue,More Bags,214,Bags,Google
Google Collapsible Pet Bowl,Home/Accessories/Pet/,1212,Accessories,Google
Google Collapsible Pet Bowl Blue,Lifestyle,6,Lifestyle,Google
Google Device Holder Sticky Pad,Home/Electronics/Electronics Accessories/,800,Electronics,Google
Google Device Stand,Home/Electronics/Electronics Accessories/,1285,Electronics,Google
Google Doodle Decal,Home/Accessories/Stickers/,4530,Accessories,Google
Google Engraved Ceramic Mug,Home/Drinkware/Mugs and Cups/,114,Drinkware,Google
Google Executive Umbrella,Lifestyle,319,Lifestyle,Google
Google Flashlight,Home/Electronics/Flashlights/,1528,Electronics,Google
Google Four Color EDC Flashlight,Home/Accessories/,13,Accessories,Google
Google French Terry Cap,Home/Apparel/Headgear/,308,Apparel,Google
Google G Noise-reducing Bluetooth Headphones,Home/Electronics/Audio/,3254,Electronics,Google
Google Hard Cover Journal,Home/Office/Notebooks & Journals/,1666,Office,Google
Google Heavyweight Long Sleeve Hero Tee Burgundy,Home/Apparel/Men's/Men's-T-Shirts/,1406,Apparel,Google
Google Heavyweight Long Sleeve Hero Tee Navy,Home/Apparel/Men's/Men's-T-Shirts/,2085,Apparel,Google
"Google High Capacity 10,400mAh Charger",Home/Electronics/Power/,2228,Electronics,Google
Google Infant Short Sleeve Tee Cornflower Blue,Apparel,132,Apparel,Google
Google Infant Short Sleeve Tee Green,Home/Apparel/Kid's/Kid's-Infant/,122,Apparel,Google
Google Infant Short Sleeve Tee Red,Home/Apparel/Kid's/Kid's-Infant/,343,Apparel,Google
Google Infant Short Sleeve Tee Royal Blue,Home/Apparel/Kid's/Kid's-Infant/,106,Apparel,Google
Google Infant Short Sleeve Tee White,Home/Apparel/Kid's/Kid's-Infant/,686,Apparel,Google
Google Infant Zip Hood Pink,Home/Apparel/Kid's/Kid's-Infant/,1292,Apparel,Google
Google Infant Zip Hood Royal Blue,Home/Apparel/Kid's/Kid's-Infant/,1359,Apparel,Google
Google Infuser-Top Water Bottle,Home/Drinkware/,1048,Drinkware,Google
Google Insulated Stainless Steel Bottle,Home/Drinkware/Water Bottles and Tumblers/,2012,Drinkware,Google
Google Kick Ball,Home/Accessories/Fun/,2392,Accessories,Google
Google Laptop Backpack,Home/Bags/Backpacks/,6933,Bags,Google
Google Laptop Tech Backpack,Home/Bags/Backpacks/,4742,Bags,Google
Google Laptop and Cell Phone Stickers,Home/Accessories/Stickers/,10058,Accessories,Google
Google Leather Journal,Home/Office/Notebooks & Journals/,211,Office,Google
Google Leather Journal (Black),Office,8,Office,Google
Google Leather Journal-Black,Notebooks & Journals,236,Office,Google
Google Leather Journal-Brown,Notebooks & Journals,234,Office,Google
Google Leather Perforated Journal,Notebooks & Journals,259,Office,Google
Google Long Sleeve Raglan Badge Henley Ocean Blue,Home/Apparel/Men's/Men's-T-Shirts/,1038,Apparel,Google
Google Luggage Tag,Home/Accessories/Fun/,623,Accessories,Google
Google Lunch Bag,Home/Bags/,1509,Bags,Google
Google Magnetic Mini Flood Flashlight,Home/Electronics/Flashlights/,7,Electronics,Google
Google Men's  Zip Hoodie,Home/Apparel/Men's/Men's-Outerwear/,12908,Apparel,Google
Google Men's 100% Cotton Short Sleeve Hero Tee Black,Home/Apparel/Men's/Men's-T-Shirts/,8112,Apparel,Google
Google Men's 100% Cotton Short Sleeve Hero Tee Navy,Home/Apparel/Men's/Men's-T-Shirts/,6589,Apparel,Google
Google Men's 100% Cotton Short Sleeve Hero Tee Red,Home/Apparel/Men's/Men's-T-Shirts/,3477,Apparel,Google
Google Men's 100% Cotton Short Sleeve Hero Tee White,Home/Apparel/Men's/Men's-T-Shirts/,19727,Apparel,Google
Google Men's 3/4 Sleeve Raglan Henley Grey,Apparel,622,Apparel,Google
Google Men's Airflow 1/4 Zip Pullover Black,Home/Apparel/Men's/Men's-Performance Wear/,623,Apparel,Google
Google Men's Airflow 1/4 Zip Pullover Lapis,Home/Apparel/Men's/Men's-Performance Wear/,404,Apparel,Google
Google Men's Around The Block Short Sleeve Tee Ash,Apparel,401,Apparel,Google
Google Men's Bayside Graphic Tee,Home/Apparel/Men's/Men's-T-Shirts/,798,Apparel,Google
Google Men's Bike Short Sleeve Tee Charcoal,Apparel,2110,Apparel,Google
Google Men's Colorblock Tee White/Heather,Apparel,159,Apparel,Google
Google Men's Convertible Vest-Jacket Pewter,Home/Apparel/Men's/Men's-Outerwear/,1096,Apparel,Google
Google Men's Heavyweight Long Sleeve Hero Tee Burgundy,Home/Apparel/Men's/Men's-T-Shirts/,240,Apparel,Google
Google Men's Heavyweight Long Sleeve Hero Tee Navy,Home/Apparel/Men's/Men's-T-Shirts/,503,Apparel,Google
Google Men's Lightweight Microfleece Jacket Black,Home/Apparel/Men's/Men's-Outerwear/,3490,Apparel,Google
Google Men's Long & Lean Tee Charcoal,Apparel,553,Apparel,Google
Google Men's Long & Lean Tee Grey,Apparel,150,Apparel,Google
Google Men's Long Sleeve Baseball Raglan Cranberry,Home/Apparel/Men's/Men's-T-Shirts/,99,Apparel,Google
Google Men's Long Sleeve Pullover Badge Tee Heather,Apparel,405,Apparel,Google
Google Men's Long Sleeve Pullover Crew Tee Heather,Home/Apparel/Men's/Men's-T-Shirts/,173,Apparel,Google
Google Men's Long Sleeve Raglan Cranberry,Apparel,207,Apparel,Google
Google Men's Long Sleeve Raglan Ocean Blue,Home/Apparel/Men's/Men's-T-Shirts/,3302,Apparel,Google
Google Men's Microfiber 1/4 Zip Pullover Blue/Indigo,Home/Apparel/Men's/Men's-Outerwear/,995,Apparel,Google
Google Men's Microfiber 1/4 Zip Pullover Grey/Black,Home/Apparel/Men's/Men's-Outerwear/,948,Apparel,Google
Google Men's Performance 1/4 Zip Pullover Heather/Black,Home/Apparel/Men's/Men's-Performance Wear/,565,Apparel,Google
Google Men's Performance Badge Tee Black,Apparel,61,Apparel,Google
Google Men's Performance Badge Tee Gunmetal,Home/Apparel/Men's/Men's-Performance Wear/,29,Apparel,Google
Google Men's Performance Badge Tee Navy,Apparel,25,Apparel,Google
Google Men's Performance Full Zip Jacket Black,Home/Apparel/Men's/Men's-Outerwear/,3109,Apparel,Google
Google Men's Performance Hero Tee Gunmetal,Home/Apparel/Men's/Men's-Performance Wear/,606,Apparel,Google
Google Men's Performance Polo Grey/Black,Home/Apparel/Men's/Men's-T-Shirts/,2139,Apparel,Google
Google Men's Performance Tee Gunmetal,Home/Apparel/Men's/Men's-T-Shirts/,183,Apparel,Google
Google Men's Pullover Hoodie,Home/Apparel/Men's/Men's-Outerwear/,1342,Apparel,Google
Google Men's Pullover Hoodie Grey,Home/Apparel/Men's/Men's-Outerwear/,3104,Apparel,Google
Google Men's Quilted Insulated Vest Battleship Grey,Home/Apparel/Men's/Men's-Outerwear/,838,Apparel,Google
Google Men's Quilted Insulated Vest Black,Home/Apparel/Men's/Men's-Outerwear/,3448,Apparel,Google
Google Men's Short Sleeve Badge Tee Charcoal,Apparel,1681,Apparel,Google
Google Men's Short Sleeve Hero Tee Charcoal,Apparel,1469,Apparel,Google
Google Men's Short Sleeve Hero Tee Heather,Home/Apparel/Men's/Men's-T-Shirts/,2904,Apparel,Google
Google Men's Short Sleeve Hero Tee Light Blue,Home/Apparel/Men's/Men's-T-Shirts/,1526,Apparel,Google
Google Men's Short Sleeve Performance Badge Tee Black,Home/Apparel/Men's/Men's-Performance Wear/,1067,Apparel,Google
Google Men's Short Sleeve Performance Badge Tee Charcoal,Home/Apparel/Men's/Men's-Performance Wear/,561,Apparel,Google
Google Men's Short Sleeve Performance Badge Tee Navy,Apparel,814,Apparel,Google
Google Men's Short Sleeve Performance Badge Tee Pewter,Apparel,728,Apparel,Google
Google Men's Skater Tee Charcoal,Home/Apparel/Men's/Men's-T-Shirts/,814,Apparel,Google
Google Men's Skater Tee Grey,Apparel,540,Apparel,Google
Google Men's Softshell Jacket Black/Grey,Home/Apparel/Men's/Men's-Outerwear/,717,Apparel,Google
Google Men's Vintage Badge Tee Black,Home/Apparel/Men's/Men's-T-Shirts/,6410,Apparel,Google
Google Men's Vintage Badge Tee Green,Home/Apparel/Men's/Men's-T-Shirts/,770,Apparel,Google
Google Men's Vintage Badge Tee Sage,Apparel,1171,Apparel,Google
Google Men's Vintage Badge Tee White,Home/Apparel/Men's/Men's-T-Shirts/,1755,Apparel,Google
Google Men's Vintage Tank,Home/Apparel/Men's/Men's-T-Shirts/,755,Apparel,Google
Google Men's Watershed Full Zip Hoodie Grey,Home/Apparel/Men's/Men's-Outerwear/,3870,Apparel,Google
Google Men's Weatherblock Shell Jacket Black,Home/Apparel/Men's/Men's-Outerwear/,3049,Apparel,Google
Google Men's Zip Hoodie,Home/Apparel/Men's/Men's-Outerwear/,98,Apparel,Google
Google Metallic Notebook Set,Home/Office/Notebooks & Journals/,3543,Office,Google
Google Onesie Green,Home/Apparel/Kid's/Kid's-Infant/,1185,Apparel,Google
Google Onesie Red,Home/Apparel/Kid's/Kid's-Infant/,551,Apparel,Google
Google Onesie Red/Graphite,Home/Apparel/Kid's/Kid's-Infant/,831,Apparel,Google
Google Onesie Royal Blue,Home/Apparel/Kid's/Kid's-Infant/,712,Apparel,Google
Google Pet Feeding Mat,Home/Accessories/Pet/,830,Accessories,Google
Google Phone Sanitizer,Home/Electronics/Electronics Accessories/,2385,Electronics,Google
Google Pocket Bluetooth Speaker,Home/Electronics/Audio/,946,Electronics,Google
Google Power Bank,Home/Electronics/,2644,Electronics,Google
Google PowerKit,Home/Electronics/,670,Electronics,Google
Google RFID Journal,Home/Office/Notebooks & Journals/,1379,Office,Google
Google Red Spiral Notebook,Home/Office/Notebooks & Journals/,17,Office,Google
Google Rucksack,Home/Bags/Backpacks/,9349,Bags,Google
Google Slim Utility Travel Bag,Home/Bags/,1850,Bags,Google
Google Snapback Hat Black,Home/Apparel/Headgear/,1584,Apparel,Google
Google Spiral Journal with Pen,Office,366,Office,Google
Google Spiral Leather Journal,Notebooks & Journals,98,Office,Google
Google Sports Bag,Home/Bags/More Bags/,25,Bags,Google
Google Stretch Fit Hat,Home/Apparel/Headgear/,1304,Apparel,Google
Google Stretch Fit Hat L/XL Navy,Headgear,98,Apparel,Google
Google Stretch Fit Hat M/L Navy,Headgear,249,Apparel,Google
Google Stretch Fit Hat S/M Navy,Headgear,128,Apparel,Google
Google Stylus Pen w/ LED Light,Home/Office/Writing Instruments/,1481,Office,Google
Google Sunglasses,Lifestyle,8405,Lifestyle,Google
Google Sunglasses Blue,Lifestyle,36,Lifestyle,Google
Google Sunglasses Green,Lifestyle,20,Lifestyle,Google
Google Sunglasses Red,Lifestyle,43,Lifestyle,Google
Google Sunglasses Yellow,Lifestyle,26,Lifestyle,Google
Google Toddler 1/4 Zip Fleece Pewter,(not set),653,Apparel,Google
Google Toddler Hoodie Royal Blue,Home/Apparel/Kid's/Kid's-Toddler/,1443,Apparel,Google
Google Toddler Raglan Shirt Blue Heather/Navy,Home/Apparel/Kid's/Kid's-Toddler/,931,Apparel,Google
Google Toddler Short Sleeve T-shirt Green,Home/Apparel/Kid's/Kid's-Toddler/,323,Apparel,Google
Google Toddler Short Sleeve T-shirt Grey,Apparel,407,Apparel,Google
Google Toddler Short Sleeve T-shirt Royal Blue,Home/Apparel/Kid's/Kid's-Toddler/,559,Apparel,Google
Google Toddler Short Sleeve T-shirt Yellow,Home/Apparel/Kid's/Kid's-Toddler/,307,Apparel,Google
Google Toddler Short Sleeve Tee Red,Home/Apparel/Kid's/Kid's-Toddler/,507,Apparel,Google
Google Toddler Short Sleeve Tee White,Home/Apparel/Kid's/Kid's-Toddler/,690,Apparel,Google
Google Toddler Sports T-shirt Red,Apparel,116,Apparel,Google
Google Toddler Tee Fruit Games Banana,Home/Fruit Games/,110,Apparel,Google
Google Toddler Tee Fruit Games Cherries,Home/Fruit Games/,112,Apparel,Google
Google Toddler Tee Fruit Games Lemon,Home/Fruit Games/,121,Apparel,Google
Google Toddler Tee Fruit Games Pineapple,Home/Fruit Games/,290,Apparel,Google
Google Toddler Tee Fruit Games Strawberry,Home/Fruit Games/,167,Apparel,Google
Google Tote Bag,Home/Bags/Shopping and Totes/,1338,Bags,Google
Google Tri-blend Hoodie Grey,Home/Apparel/Men's/Men's-Outerwear/,4813,Apparel,Google
Google Trucker Hat,Home/Apparel/Headgear/,1369,Apparel,Google
Google Tube Power Bank,Home/Electronics/Power/,2182,Electronics,Google
Google Twill Cap,Home/Apparel/Headgear/,6910,Apparel,Google
Google Vintage Henley Grey/Black,Apparel,1134,Apparel,Google
Google Water Resistant Bluetooth Speaker,Home/Electronics/Audio/,2690,Electronics,Google
Google Women's 1/4 Zip Jacket Charcoal,Home/Apparel/Women's/Women's-Outerwear/,750,Apparel,Google
Google Women's 1/4 Zip Performance Pullover Black,Home/Apparel/Women's/Women's-Outerwear/,580,Apparel,Google
Google Women's 1/4 Zip Performance Pullover Two-Tone Blue,Apparel,296,Apparel,Google
Google Women's 3/4 Sleeve Baseball Raglan Heather/Black,Home/Apparel/Women's/Women's-T-Shirts/,1851,Apparel,Google
Google Women's Badge Performance Tee Black,Apparel,18,Apparel,Google
Google Women's Badge Performance Tee Charcoal,Home/Apparel/Women's/Women's-Performance Wear/,4,Apparel,Google
Google Women's Badge Performance Tee Gunmetal,Home/Apparel/Women's/Women's-Performance Wear/,9,Apparel,Google
Google Women's Badge Performance Tee Navy,Home/Apparel/Women's/Women's-Performance Wear/,7,Apparel,Google
Google Women's Colorblock Tee White,Home/Apparel/Women's/Women's-T-Shirts/,26,Apparel,Google
Google Women's Convertible Vest-Jacket Black,Home/Apparel/Women's/Women's-Outerwear/,438,Apparel,Google
Google Women's Convertible Vest-Jacket Sea Foam Green,Home/Apparel/Women's/Women's-Outerwear/,927,Apparel,Google
Google Women's Fleece Hoodie,Home/Apparel/Women's/Women's-Outerwear/,4030,Apparel,Google
Google Women's Hero V-Neck Tee White,Home/Apparel/Women's/Women's-T-Shirts/,805,Apparel,Google
Google Women's Insulated Thermal Vest Navy,Home/Apparel/Women's/Women's-Outerwear/,407,Apparel,Google
Google Women's Lightweight Microfleece Jacket,Home/Apparel/Women's/Women's-Outerwear/,1383,Apparel,Google
Google Women's Long Sleeve Blended Cardigan Charcoal,Apparel,258,Apparel,Google
Google Women's Long Sleeve Tee Lavender,Home/Apparel/Women's/Women's-T-Shirts/,852,Apparel,Google
Google Women's Performance Full Zip Jacket Black,Home/Apparel/Women's/Women's-Outerwear/,1293,Apparel,Google
Google Women's Performance Golf Polo Blue,Apparel,69,Apparel,Google
Google Women's Performance Hero Tee Gunmetal,Home/Apparel/Women's/Women's-Performance Wear/,134,Apparel,Google
Google Women's Performance Polo Grey/Black,Apparel,90,Apparel,Google
Google Women's Performance Tee Gunmetal,Home/Apparel/Women's/Women's-T-Shirts/,18,Apparel,Google
Google Women's Quilted Insulated Vest Black,Home/Apparel/Women's/Women's-Outerwear/,1034,Apparel,Google
Google Women's Quilted Insulated Vest Pewter,Home/Apparel/Women's/Women's-Outerwear/,149,Apparel,Google
Google Women's Quilted Insulated Vest White,Home/Apparel/Women's/Women's-Outerwear/,691,Apparel,Google
Google Women's Recycled Fabric Tee,Home/Apparel/Women's/Women's-T-Shirts/,391,Apparel,Google
Google Women's Scoop Neck Tee Black,Apparel,758,Apparel,Google
Google Women's Scoop Neck Tee Green,Home/Apparel/Women's/Women's-T-Shirts/,203,Apparel,Google
Google Women's Scoop Neck Tee White,Apparel,451,Apparel,Google
Google Women's Shell Jacket Blue/Black,Home/Apparel/Women's/Women's-Outerwear/,395,Apparel,Google
Google Women's Short Sleeve Badge Tee Grey,Apparel,193,Apparel,Google
Google Women's Short Sleeve Badge Tee Ice Gray,Home/Apparel/Women's/Women's-T-Shirts/,3,Apparel,Google
Google Women's Short Sleeve Badge Tee Navy,Apparel,447,Apparel,Google
Google Women's Short Sleeve Badge Tee Red Heather,Home/Apparel/Women's/Women's-T-Shirts/,236,Apparel,Google
Google Women's Short Sleeve Hero Dark Grey,Home/Apparel/Women's/Women's-T-Shirts/,575,Apparel,Google
Google Women's Short Sleeve Hero Tee Black,Home/Apparel/Women's/Women's-T-Shirts/,2068,Apparel,Google
Google Women's Short Sleeve Hero Tee Grey,Apparel,515,Apparel,Google
Google Women's Short Sleeve Hero Tee Heather,Apparel,313,Apparel,Google
Google Women's Short Sleeve Hero Tee Red Heather,Home/Apparel/Women's/Women's-T-Shirts/,1640,Apparel,Google
Google Women's Short Sleeve Hero Tee Sky Blue,Home/Apparel/Women's/Women's-T-Shirts/,1289,Apparel,Google
Google Women's Short Sleeve Hero Tee White,Home/Apparel/Women's/Women's-T-Shirts/,4666,Apparel,Google
Google Women's Short Sleeve Hero V-Neck Tee Black,Home/Apparel/Women's/Women's-T-Shirts/,413,Apparel,Google
Google Women's Short Sleeve Performance Tee Black,Home/Apparel/Women's/Women's-Performance Wear/,159,Apparel,Google
Google Women's Short Sleeve Performance Tee Charcoal,Home/Apparel/Women's/Women's-Performance Wear/,224,Apparel,Google
Google Women's Short Sleeve Performance Tee Navy,Apparel,258,Apparel,Google
Google Women's Short Sleeve Performance Tee Pewter,Home/Apparel/Women's/Women's-Performance Wear/,122,Apparel,Google
Google Women's Short Sleeve Shirt Blue,Home/Apparel/Women's/Women's-T-Shirts/,404,Apparel,Google
Google Women's Short Sleeve Shirt Dark Grey,Home/Apparel/Women's/Women's-T-Shirts/,255,Apparel,Google
Google Women's Short Sleeve Shirt Light Grey,(not set),53,Apparel,Google
Google Women's Short Sleeve Shirt Red,Home/Apparel/Women's/Women's-T-Shirts/,269,Apparel,Google
Google Women's Short Sleeve V-Neck Tee Black,Home/Apparel/Women's/Women's-T-Shirts/,477,Apparel,Google
Google Women's Short Sleeve V-Neck Tee Dark Grey,Home/Apparel/Women's/Women's-T-Shirts/,154,Apparel,Google
Google Women's Short Sleeve V-Neck Tee Lavender,Home/Apparel/Women's/Women's-T-Shirts/,511,Apparel,Google
Google Women's Short Sleeve V-Neck Tee Stone,Home/Apparel/Women's/Women's-T-Shirts/,123,Apparel,Google
Google Women's Softshell Jacket Black/Grey,Apparel,41,Apparel,Google
Google Women's Tank Top,Home/Apparel/Women's/Women's-T-Shirts/,98,Apparel,Google
Google Women's Tank Top Light Gray,Home/Apparel/Women's/Women's-T-Shirts/,3,Apparel,Google
Google Women's Tee Grey,Apparel,429,Apparel,Google
Google Women's Tee Purple,Home/Apparel/Women's/Women's-T-Shirts/,194,Apparel,Google
Google Women's V-Neck Tee Charcoal,Home/Apparel/Women's/Women's-T-Shirts/,502,Apparel,Google
Google Women's V-Neck Tee Grey,Home/Apparel/Women's/Women's-T-Shirts/,516,Apparel,Google
Google Women's Vintage Hero Tee Black,Apparel,1244,Apparel,Google
Google Women's Vintage Hero Tee Lavender,Apparel,923,Apparel,Google
Google Women's Vintage Hero Tee Platinum,Apparel,239,Apparel,Google
Google Women's Vintage Hero Tee White,Home/Apparel/Women's/Women's-T-Shirts/,1472,Apparel,Google
Google Women's Vintage T-Shirt Black,Home/Apparel/Women's/Women's-T-Shirts/,336,Apparel,Google
Google Women's Weatherblock Shell Jacket Black,Home/Apparel/Women's/Women's-Outerwear/,225,Apparel,Google
Google Women's Yoga Jacket Black,Home/Apparel/Women's/Women's-Outerwear/,891,Apparel,Google
Google Women's Yoga Pants,Home/Apparel/Women's/Women's-Performance Wear/,847,Apparel,Google
Google Women's Zip Hoodie Grey,Home/Apparel/Women's/Women's-Outerwear/,209,Apparel,Google
Google Womens 3/4 Sleeve Baseball Raglan Heather/Black,Apparel,777,Apparel,Google
Google Wool Heather Cap Heather/Navy,Home/Apparel/Headgear/,1547,Apparel,Google
Google Youth Baseball Raglan Heather/Black,Home/Apparel/Kid's/Kids-Youth/,1150,Apparel,Google
Google Youth Girl Hoodie,Home/Apparel/Kid's/Kids-Youth/,1475,Apparel,Google
Google Youth Girl Tee Green,Home/Apparel/Kid's/Kids-Youth/,548,Apparel,Google
Google Youth Short Sleeve T-shirt Green,Home/Apparel/Kid's/Kids-Youth/,643,Apparel,Google
Google Youth Short Sleeve T-shirt Royal Blue,Home/Apparel/Kid's/Kids-Youth/,1004,Apparel,Google
Google Youth Short Sleeve T-shirt Yellow,Home/Apparel/Kid's/Kids-Youth/,452,Apparel,Google
Google Youth Short Sleeve Tee Red,Home/Apparel/Kid's/Kids-Youth/,528,Apparel,Google
Google Youth Short Sleeve Tee White,Home/Apparel/Kid's/Kids-Youth/,1030,Apparel,Google
Google Youth Sports Tee Navy,Home/Apparel/Kid's/Kids-Youth/,737,Apparel,Google
Google Youth Tee Fruit Games Banana,Home/Fruit Games/,67,Apparel,Google
Google Youth Tee Fruit Games Cherries,Home/Fruit Games/,56,Apparel,Google
Google Youth Tee Fruit Games Lemon,Home/Fruit Games/,52,Apparel,Google
Google Youth Tee Fruit Games Pineapple,Home/Fruit Games/,102,Apparel,Google
Google Youth Tee Fruit Games Strawberry,Home/Fruit Games/,83,Apparel,Google
Google Zipper-front Sports Bag,Home/Bags/,1009,Bags,Google
Grip Highlighter Pen 3 Pack,Office,297,Office,Other
Grip Kit Cable Organizer,Home/Electronics/,534,Electronics,Other
Gunmetal Roller Ball Pen,Office,297,Office,Other
Insulated Bottle,Home/Drinkware/Water Bottles and Tumblers/,847,Drinkware,Other
Keyboard DOT Sticker,Home/Accessories/Stickers/,5667,Accessories,Other
Kick Ball,Home/Lifestyle/,204,Lifestyle,Other
Koozie Can Kooler,Home/Accessories/Drinkware/,391,Drinkware,Other
Large Recycled Journal/Pen Combo,Home/Office/,270,Office,Other
Large Zipper Top Tote Bag,Home/Bags/Shopping and Totes/,1376,Bags,Other
Latitudes Foldaway Shopper,Home/Limited Supply/Bags/,243,Bags,Other
Leather and Metal Ballpoint Pen,Home/Office/Writing Instruments/,689,Office,Other
Leatherette Journal,Home/Office/Notebooks & Journals/,3508,Office,Other
Maze Pen,Home/Office/Writing Instruments/,2244,Office,Other
Men's Softshell Jacket Black/Grey,Apparel,567,Apparel,Other
Men's Weatherblock Shell Jacket Black,Apparel,595,Apparel,Other
Metal Earbuds with Small Zipper Case,Home/Electronics/,1779,Electronics,Other
Metal Texture Roller Pen,Home/Office/Writing Instruments/,669,Office,Other
Micro Wireless Earbud,Home/Electronics/Audio/,5194,Electronics,Other
Micro Wireless Earbuds,Home/Electronics/,1689,Electronics,Other
Mistral Rucksack,Home/Limited Supply/Bags/,1014,Bags,Other
My T-Shirt,(not set),1,Apparel,Other
Oasis Backpack,Home/Limited Supply/Bags/,867,Bags,Other
PaperMate Ink Joy Pen,Home/Office/,111,Office,Other
PaperMate Ink Joy RT Pen,Home/Office/,213,Office,Other
PaperMate Ink Joy Retractable Pen,Home/Office/,159,Office,Other
Parker Gunmetal CT Ball Pen,Home/Office/,86,Office,Other
Pen Pencil & Highlighter Set,Home/Office/,2082,Office,Other
Pet Feeding Mat,(not set),4,Accessories,Other
Plastic Sliding Flashlight,Home/Electronics/Flashlights/,873,Electronics,Other
Pop-a-Point Crayon,(not set),105,Office,Other
PowerClip Lightning Charger,Home/Electronics/,298,Electronics,Other
Powerbank Flashlight,Electronics,11,Electronics,Other
Quatro Retractable Pen,(not set),112,Office,Other
Rainbow Stylus Pen,Office,524,Office,Other
Recycled Mouse Pad,Electronics,2425,Electronics,Other
Recycled Paper Journal Set,Office,3157,Office,Other
Red Shine 15 oz Mug,Home/Drinkware/Mugs and Cups/,5143,Drinkware,Other
Red Spiral Google Notebook,Home/Office/Notebooks & Journals/,1576,Office,Google
Retractable Ballpoint Pen Red,Home/Office/Writing Instruments/,609,Office,Other
Reusable Shopping Bag,Home/Bags/Shopping and Totes/,1094,Bags,Other
Rocket Flashlight,Home/Electronics/Flashlights/,1314,Electronics,Other
Rubber Grip Ballpoint Pen 4 Pack,Home/Office/,1190,Office,Other
SPF-15 Lip Balm,Home/Lifestyle/,80,Lifestyle,Other
SPF-15 Slim & Slender Lip Balm,Home/Accessories/Fun/,1103,Accessories,Other
Satin Black Ballpoint Pen,Home/Office/Writing Instruments/,334,Office,Other
Screen Cleaning Cloth,Home/Office/Office Other/,8,Office,Other
Seat Pack Organizer,Home/Office/,1450,Office,Other
Set of 3 Nested Travel Cases,Home/Limited Supply/Bags/,210,Bags,Other
Set of 3 Packing Cubes,Home/Office/,126,Office,Other
Softsided Travel Pouch Set,Home/Bags/,1553,Bags,Other
Solo Pro Backpack,Home/Limited Supply/Bags/,580,Bags,Other
Speed Zone Air Mesh Tote,Home/Limited Supply/Bags/,118,Bags,Other
Spiral Notebook and Pen Set,Home/Office/Notebooks & Journals/,2128,Office,Other
Sport Bag,Home/Bags/,2250,Bags,Other
Stadium Cups-Sets of 4,Home/Accessories/Drinkware/,175,Drinkware,Other
Straw Beach Mat,Home/Accessories/Fun/,824,Accessories,Other
Suitcase Organizer Cubes,Home/Bags/,1386,Bags,Other
Switch Tone Color Crayon Pen,Home/Accessories/Fun/,1054,Accessories,Other
UFO Bluetooth Water Resistant Speaker,Home/Electronics/,281,Electronics,Other
UpCycled Bike Saddle Bag,Home/Accessories/Sports & Fitness/,185,Accessories,Other
UpCycled Handlebar Bag,Home/Bags/More Bags/,392,Bags,Other
Waterpoof Gear Bag,Home/Limited Supply/Bags/,331,Bags,Other
Waterproof Backpack,Home/Bags/Backpacks/,10217,Bags,Other
Waterproof Gear Bag,Home/Bags/More Bags/,1218,Bags,Other
Waze Baby on Board Window Decal,Waze,343,Apparel,Waze
Waze Dress Socks,Waze,269,Apparel,Waze
Waze Men's Short Sleeve Tee,Waze,315,Apparel,Waze
Waze Men's Typography Short Sleeve Tee,Waze,135,Apparel,Waze
Waze Mobile Phone Vent Mount,Home/Electronics/Electronics Accessories/,955,Electronics,Waze
Waze Mood Happy Window Decal,Home/Accessories/Stickers/,269,Accessories,Waze
Waze Mood Ninja Window Decal,Home/Accessories/Stickers/,508,Accessories,Waze
Waze Mood Original Window Decal,Waze,511,Accessories,Waze
Waze Pack of 9 Decal Set,Home/Accessories/Stickers/,180,Accessories,Waze
Waze Women's Short Sleeve Tee,Waze,81,Apparel,Waze
Waze Women's Typography Short Sleeve Tee,Waze,35,Apparel,Waze
Windup Android,Home/Accessories/Fun/,3059,Accessories,Android
Women's Performance Full Zip Jacket Black,Apparel,410,Apparel,Other
Women's Weatherblock Shell Jacket Black,Apparel,150,Apparel,Other
Women's YouTube Short Sleeve Hero Tee Black,Home/Shop by Brand/YouTube/,821,Apparel,YouTube
Yoga Block,Home/Accessories/Sports & Fitness/,602,Accessories,Other
Yoga Mat,Home/Accessories/Sports & Fitness/,1234,Accessories,Other
Yoga Mat Blue,Lifestyle,224,Lifestyle,Other
Yoga Mat Purple,Lifestyle,55,Lifestyle,Other
You Tube Toddler Short Sleeve Tee Red,Home/Shop by Brand/YouTube/,747,Apparel,Other
YouTube 22 oz Infuser Bottle,Home/Shop by Brand/YouTube/,53,Drinkware,YouTube
YouTube 24 oz Stripe Accent Bottle,Home/Shop by Brand/YouTube/,74,Drinkware,YouTube
YouTube Custom Decals,Home/Shop by Brand/YouTube/,9588,Accessories,YouTube
YouTube Hard Cover Journal,Home/Shop by Brand/YouTube/,1754,Office,YouTube
YouTube Infant Short Sleeve Tee Red,Apparel,99,Apparel,YouTube
YouTube Leatherette Notebook Combo,Home/Shop by Brand/YouTube/,5930,Office,YouTube
YouTube Luggage Tag,Home/Shop by Brand/YouTube/,701,Accessories,YouTube
YouTube Men's 3/4 Sleeve Henley,Apparel,521,Apparel,YouTube
YouTube Men's Eco-Jersey Henley,Home/Apparel/Men's/Men's-T-Shirts/,238,Apparel,YouTube
YouTube Men's Fleece Hoodie Black,Apparel,1320,Apparel,YouTube
YouTube Men's Long & Lean Tee Charcoal,Home/Shop by Brand/YouTube/,189,Apparel,YouTube
YouTube Men's Long Sleeve Pullover Badge Tee Heather,Home/Shop by Brand/YouTube/,1368,Apparel,YouTube
YouTube Men's Short Sleeve Hero Tee  White,Apparel,21,Apparel,YouTube
YouTube Men's Short Sleeve Hero Tee Black,Home/Shop by Brand/YouTube/,5254,Apparel,YouTube
YouTube Men's Short Sleeve Hero Tee Charcoal,Home/Shop by Brand/YouTube/,2707,Apparel,YouTube
YouTube Men's Short Sleeve Hero Tee White,Home/Shop by Brand/YouTube/,1900,Apparel,YouTube
YouTube Men's Skater Tee Charcoal,Apparel,224,Apparel,YouTube
YouTube Men's Vintage Henley,Apparel,1152,Apparel,YouTube
YouTube Men's Vintage Tank,Home/Shop by Brand/YouTube/,710,Apparel,YouTube
YouTube Men's Vintage Tee,Home/Shop by Brand/YouTube/,786,Apparel,YouTube
YouTube Notebook Set,Home/Shop by Brand/YouTube/,80,Office,YouTube
YouTube Notebook and Pen Set,Home/Shop by Brand/YouTube/,1459,Office,YouTube
YouTube Onesie Heather,Home/Apparel/Kid's/Kid's-Infant/,791,Apparel,YouTube
YouTube RFID Journal,Home/Shop by Brand/YouTube/,2406,Office,YouTube
YouTube Spiral Journal with Pen,Home/Shop by Brand/YouTube/,1068,Office,YouTube
YouTube Sticker Sheet,Home/Shop by Brand/YouTube/,185,Accessories,YouTube
YouTube Trucker Hat,Home/Shop by Brand/YouTube/,3382,Apparel,YouTube
YouTube Twill Cap,Home/Shop by Brand/YouTube/,5795,Apparel,YouTube
YouTube Women's Fleece Hoodie Black,Apparel,684,Apparel,YouTube
YouTube Women's Racer Back Tank Black,Home/Apparel/Women's/Women's-T-Shirts/,135,Apparel,YouTube
YouTube Women's S/S Crew Tee,(not set),46,Apparel,YouTube
YouTube Women's Short Sleeve Crew Tee,(not set),100,Apparel,YouTube
YouTube Women's Short Sleeve Hero Tee Charcoal,Apparel,365,Apparel,YouTube
YouTube Women's Short Sleeve Tri-blend Badge Tee Charcoal,Apparel,388,Apparel,YouTube
YouTube Women's Short Sleeve Tri-blend Badge Tee Grey,Home/Shop by Brand/YouTube/,149,Apparel,YouTube
YouTube Womens 3/4 Sleeve Baseball Raglan White/Black,(not set),223,Apparel,YouTube
YouTube Wool Heather Cap Heather/Black,Home/Shop by Brand/YouTube/,2458,Apparel,YouTube
YouTube Youth Short Sleeve Tee Red,Home/Apparel/Kid's/Kids-Youth/,1571,Apparel,YouTube
